date_key,date,is_holiday,holiday_name,holiday_category
19550101,1955-01-01,True,元日,国民の祝日
19550115,1955-01-15,True,成人の日,国民の祝日
19550321,1955-03-21,True,春分の日,国民の祝日
19550429,1955-04-29,True,天皇誕生日,国民の祝日
19550503,1955-05-03,True,憲法記念日,国民の祝日
19550505,1955-05-05,True,こどもの日,国民の祝日
19550924,1955-09-24,True,秋分の日,国民の祝日
19551103,1955-11-03,True,文化の日,国民の祝日
19551123,1955-11-23,True,勤労感謝の日,国民の祝日
19560101,1956-01-01,True,元日,国民の祝日
19560115,1956-01-15,True,成人の日,国民の祝日
19560321,1956-03-21,True,春分の日,国民の祝日
19560429,1956-04-29,True,天皇誕生日,国民の祝日
19560503,1956-05-03,True,憲法記念日,国民の祝日
19560505,1956-05-05,True,こどもの日,国民の祝日
19560923,1956-09-23,True,秋分の日,国民の祝日
19561103,1956-11-03,True,文化の日,国民の祝日
19561123,1956-11-23,True,勤労感謝の日,国民の祝日
19570101,1957-01-01,True,元日,国民の祝日
19570115,1957-01-15,True,成人の日,国民の祝日
19570321,1957-03-21,True,春分の日,国民の祝日
19570429,1957-04-29,True,天皇誕生日,国民の祝日
19570503,1957-05-03,True,憲法記念日,国民の祝日
19570505,1957-05-05,True,こどもの日,国民の祝日
19570923,1957-09-23,True,秋分の日,国民の祝日
19571103,1957-11-03,True,文化の日,国民の祝日
19571123,1957-11-23,True,勤労感謝の日,国民の祝日
19580101,1958-01-01,True,元日,国民の祝日
19580115,1958-01-15,True,成人の日,国民の祝日
19580321,1958-03-21,True,春分の日,国民の祝日
19580429,1958-04-29,True,天皇誕生日,国民の祝日
19580503,1958-05-03,True,憲法記念日,国民の祝日
19580505,1958-05-05,True,こどもの日,国民の祝日
19580923,1958-09-23,True,秋分の日,国民の祝日
19581103,1958-11-03,True,文化の日,国民の祝日
19581123,1958-11-23,True,勤労感謝の日,国民の祝日
19590101,1959-01-01,True,元日,国民の祝日
19590115,1959-01-15,True,成人の日,国民の祝日
19590321,1959-03-21,True,春分の日,国民の祝日
19590410,1959-04-10,True,結婚の儀,国民の祝日
19590429,1959-04-29,True,天皇誕生日,国民の祝日
19590503,1959-05-03,True,憲法記念日,国民の祝日
19590505,1959-05-05,True,こどもの日,国民の祝日
19590924,1959-09-24,True,秋分の日,国民の祝日
19591103,1959-11-03,True,文化の日,国民の祝日
19591123,1959-11-23,True,勤労感謝の日,国民の祝日
19600101,1960-01-01,True,元日,国民の祝日
19600115,1960-01-15,True,成人の日,国民の祝日
19600320,1960-03-20,True,春分の日,国民の祝日
19600429,1960-04-29,True,天皇誕生日,国民の祝日
19600503,1960-05-03,True,憲法記念日,国民の祝日
19600505,1960-05-05,True,こどもの日,国民の祝日
19600923,1960-09-23,True,秋分の日,国民の祝日
19601103,1960-11-03,True,文化の日,国民の祝日
19601123,1960-11-23,True,勤労感謝の日,国民の祝日
19610101,1961-01-01,True,元日,国民の祝日
19610115,1961-01-15,True,成人の日,国民の祝日
19610321,1961-03-21,True,春分の日,国民の祝日
19610429,1961-04-29,True,天皇誕生日,国民の祝日
19610503,1961-05-03,True,憲法記念日,国民の祝日
19610505,1961-05-05,True,こどもの日,国民の祝日
19610923,1961-09-23,True,秋分の日,国民の祝日
19611103,1961-11-03,True,文化の日,国民の祝日
19611123,1961-11-23,True,勤労感謝の日,国民の祝日
19620101,1962-01-01,True,元日,国民の祝日
19620115,1962-01-15,True,成人の日,国民の祝日
19620321,1962-03-21,True,春分の日,国民の祝日
19620429,1962-04-29,True,天皇誕生日,国民の祝日
19620503,1962-05-03,True,憲法記念日,国民の祝日
19620505,1962-05-05,True,こどもの日,国民の祝日
19620923,1962-09-23,True,秋分の日,国民の祝日
19621103,1962-11-03,True,文化の日,国民の祝日
19621123,1962-11-23,True,勤労感謝の日,国民の祝日
19630101,1963-01-01,True,元日,国民の祝日
19630115,1963-01-15,True,成人の日,国民の祝日
19630321,1963-03-21,True,春分の日,国民の祝日
19630429,1963-04-29,True,天皇誕生日,国民の祝日
19630503,1963-05-03,True,憲法記念日,国民の祝日
19630505,1963-05-05,True,こどもの日,国民の祝日
19630924,1963-09-24,True,秋分の日,国民の祝日
19631103,1963-11-03,True,文化の日,国民の祝日
19631123,1963-11-23,True,勤労感謝の日,国民の祝日
19640101,1964-01-01,True,元日,国民の祝日
19640115,1964-01-15,True,成人の日,国民の祝日
19640320,1964-03-20,True,春分の日,国民の祝日
19640429,1964-04-29,True,天皇誕生日,国民の祝日
19640503,1964-05-03,True,憲法記念日,国民の祝日
19640505,1964-05-05,True,こどもの日,国民の祝日
19640923,1964-09-23,True,秋分の日,国民の祝日
19641103,1964-11-03,True,文化の日,国民の祝日
19641123,1964-11-23,True,勤労感謝の日,国民の祝日
19650101,1965-01-01,True,元日,国民の祝日
19650115,1965-01-15,True,成人の日,国民の祝日
19650321,1965-03-21,True,春分の日,国民の祝日
19650429,1965-04-29,True,天皇誕生日,国民の祝日
19650503,1965-05-03,True,憲法記念日,国民の祝日
19650505,1965-05-05,True,こどもの日,国民の祝日
19650923,1965-09-23,True,秋分の日,国民の祝日
19651103,1965-11-03,True,文化の日,国民の祝日
19651123,1965-11-23,True,勤労感謝の日,国民の祝日
19660101,1966-01-01,True,元日,国民の祝日
19660115,1966-01-15,True,成人の日,国民の祝日
19660321,1966-03-21,True,春分の日,国民の祝日
19660429,1966-04-29,True,天皇誕生日,国民の祝日
19660503,1966-05-03,True,憲法記念日,国民の祝日
19660505,1966-05-05,True,こどもの日,国民の祝日
19660915,1966-09-15,True,敬老の日,国民の祝日
19660923,1966-09-23,True,秋分の日,国民の祝日
19661010,1966-10-10,True,体育の日,国民の祝日
19661103,1966-11-03,True,文化の日,国民の祝日
19661123,1966-11-23,True,勤労感謝の日,国民の祝日
19670101,1967-01-01,True,元日,国民の祝日
19670115,1967-01-15,True,成人の日,国民の祝日
19670211,1967-02-11,True,建国記念の日,国民の祝日
19670321,1967-03-21,True,春分の日,国民の祝日
19670429,1967-04-29,True,天皇誕生日,国民の祝日
19670503,1967-05-03,True,憲法記念日,国民の祝日
19670505,1967-05-05,True,こどもの日,国民の祝日
19670915,1967-09-15,True,敬老の日,国民の祝日
19670924,1967-09-24,True,秋分の日,国民の祝日
19671010,1967-10-10,True,体育の日,国民の祝日
19671103,1967-11-03,True,文化の日,国民の祝日
19671123,1967-11-23,True,勤労感謝の日,国民の祝日
19680101,1968-01-01,True,元日,国民の祝日
19680115,1968-01-15,True,成人の日,国民の祝日
19680211,1968-02-11,True,建国記念の日,国民の祝日
19680320,1968-03-20,True,春分の日,国民の祝日
19680429,1968-04-29,True,天皇誕生日,国民の祝日
19680503,1968-05-03,True,憲法記念日,国民の祝日
19680505,1968-05-05,True,こどもの日,国民の祝日
19680915,1968-09-15,True,敬老の日,国民の祝日
19680923,1968-09-23,True,秋分の日,国民の祝日
19681010,1968-10-10,True,体育の日,国民の祝日
19681103,1968-11-03,True,文化の日,国民の祝日
19681123,1968-11-23,True,勤労感謝の日,国民の祝日
19690101,1969-01-01,True,元日,国民の祝日
19690115,1969-01-15,True,成人の日,国民の祝日
19690211,1969-02-11,True,建国記念の日,国民の祝日
19690321,1969-03-21,True,春分の日,国民の祝日
19690429,1969-04-29,True,天皇誕生日,国民の祝日
19690503,1969-05-03,True,憲法記念日,国民の祝日
19690505,1969-05-05,True,こどもの日,国民の祝日
19690915,1969-09-15,True,敬老の日,国民の祝日
19690923,1969-09-23,True,秋分の日,国民の祝日
19691010,1969-10-10,True,体育の日,国民の祝日
19691103,1969-11-03,True,文化の日,国民の祝日
19691123,1969-11-23,True,勤労感謝の日,国民の祝日
19700101,1970-01-01,True,元日,国民の祝日
19700115,1970-01-15,True,成人の日,国民の祝日
19700211,1970-02-11,True,建国記念の日,国民の祝日
19700321,1970-03-21,True,春分の日,国民の祝日
19700429,1970-04-29,True,天皇誕生日,国民の祝日
19700503,1970-05-03,True,憲法記念日,国民の祝日
19700505,1970-05-05,True,こどもの日,国民の祝日
19700915,1970-09-15,True,敬老の日,国民の祝日
19700923,1970-09-23,True,秋分の日,国民の祝日
19701010,1970-10-10,True,体育の日,国民の祝日
19701103,1970-11-03,True,文化の日,国民の祝日
19701123,1970-11-23,True,勤労感謝の日,国民の祝日
19710101,1971-01-01,True,元日,国民の祝日
19710115,1971-01-15,True,成人の日,国民の祝日
19710211,1971-02-11,True,建国記念の日,国民の祝日
19710321,1971-03-21,True,春分の日,国民の祝日
19710429,1971-04-29,True,天皇誕生日,国民の祝日
19710503,1971-05-03,True,憲法記念日,国民の祝日
19710505,1971-05-05,True,こどもの日,国民の祝日
19710915,1971-09-15,True,敬老の日,国民の祝日
19710924,1971-09-24,True,秋分の日,国民の祝日
19711010,1971-10-10,True,体育の日,国民の祝日
19711103,1971-11-03,True,文化の日,国民の祝日
19711123,1971-11-23,True,勤労感謝の日,国民の祝日
19720101,1972-01-01,True,元日,国民の祝日
19720115,1972-01-15,True,成人の日,国民の祝日
19720211,1972-02-11,True,建国記念の日,国民の祝日
19720320,1972-03-20,True,春分の日,国民の祝日
19720429,1972-04-29,True,天皇誕生日,国民の祝日
19720503,1972-05-03,True,憲法記念日,国民の祝日
19720505,1972-05-05,True,こどもの日,国民の祝日
19720915,1972-09-15,True,敬老の日,国民の祝日
19720923,1972-09-23,True,秋分の日,国民の祝日
19721010,1972-10-10,True,体育の日,国民の祝日
19721103,1972-11-03,True,文化の日,国民の祝日
19721123,1972-11-23,True,勤労感謝の日,国民の祝日
19730101,1973-01-01,True,元日,国民の祝日
19730115,1973-01-15,True,成人の日,国民の祝日
19730211,1973-02-11,True,建国記念の日,国民の祝日
19730321,1973-03-21,True,春分の日,国民の祝日
19730429,1973-04-29,True,天皇誕生日,国民の祝日
19730430,1973-04-30,True,休日,国民の祝日
19730503,1973-05-03,True,憲法記念日,国民の祝日
19730505,1973-05-05,True,こどもの日,国民の祝日
19730915,1973-09-15,True,敬老の日,国民の祝日
19730923,1973-09-23,True,秋分の日,国民の祝日
19730924,1973-09-24,True,休日,国民の祝日
19731010,1973-10-10,True,体育の日,国民の祝日
19731103,1973-11-03,True,文化の日,国民の祝日
19731123,1973-11-23,True,勤労感謝の日,国民の祝日
19740101,1974-01-01,True,元日,国民の祝日
19740115,1974-01-15,True,成人の日,国民の祝日
19740211,1974-02-11,True,建国記念の日,国民の祝日
19740321,1974-03-21,True,春分の日,国民の祝日
19740429,1974-04-29,True,天皇誕生日,国民の祝日
19740503,1974-05-03,True,憲法記念日,国民の祝日
19740505,1974-05-05,True,こどもの日,国民の祝日
19740506,1974-05-06,True,休日,国民の祝日
19740915,1974-09-15,True,敬老の日,国民の祝日
19740916,1974-09-16,True,休日,国民の祝日
19740923,1974-09-23,True,秋分の日,国民の祝日
19741010,1974-10-10,True,体育の日,国民の祝日
19741103,1974-11-03,True,文化の日,国民の祝日
19741104,1974-11-04,True,休日,国民の祝日
19741123,1974-11-23,True,勤労感謝の日,国民の祝日
19750101,1975-01-01,True,元日,国民の祝日
19750115,1975-01-15,True,成人の日,国民の祝日
19750211,1975-02-11,True,建国記念の日,国民の祝日
19750321,1975-03-21,True,春分の日,国民の祝日
19750429,1975-04-29,True,天皇誕生日,国民の祝日
19750503,1975-05-03,True,憲法記念日,国民の祝日
19750505,1975-05-05,True,こどもの日,国民の祝日
19750915,1975-09-15,True,敬老の日,国民の祝日
19750924,1975-09-24,True,秋分の日,国民の祝日
19751010,1975-10-10,True,体育の日,国民の祝日
19751103,1975-11-03,True,文化の日,国民の祝日
19751123,1975-11-23,True,勤労感謝の日,国民の祝日
19751124,1975-11-24,True,休日,国民の祝日
19760101,1976-01-01,True,元日,国民の祝日
19760115,1976-01-15,True,成人の日,国民の祝日
19760211,1976-02-11,True,建国記念の日,国民の祝日
19760320,1976-03-20,True,春分の日,国民の祝日
19760429,1976-04-29,True,天皇誕生日,国民の祝日
19760503,1976-05-03,True,憲法記念日,国民の祝日
19760505,1976-05-05,True,こどもの日,国民の祝日
19760915,1976-09-15,True,敬老の日,国民の祝日
19760923,1976-09-23,True,秋分の日,国民の祝日
19761010,1976-10-10,True,体育の日,国民の祝日
19761011,1976-10-11,True,休日,国民の祝日
19761103,1976-11-03,True,文化の日,国民の祝日
19761123,1976-11-23,True,勤労感謝の日,国民の祝日
19770101,1977-01-01,True,元日,国民の祝日
19770115,1977-01-15,True,成人の日,国民の祝日
19770211,1977-02-11,True,建国記念の日,国民の祝日
19770321,1977-03-21,True,春分の日,国民の祝日
19770429,1977-04-29,True,天皇誕生日,国民の祝日
19770503,1977-05-03,True,憲法記念日,国民の祝日
19770505,1977-05-05,True,こどもの日,国民の祝日
19770915,1977-09-15,True,敬老の日,国民の祝日
19770923,1977-09-23,True,秋分の日,国民の祝日
19771010,1977-10-10,True,体育の日,国民の祝日
19771103,1977-11-03,True,文化の日,国民の祝日
19771123,1977-11-23,True,勤労感謝の日,国民の祝日
19780101,1978-01-01,True,元日,国民の祝日
19780102,1978-01-02,True,休日,国民の祝日
19780115,1978-01-15,True,成人の日,国民の祝日
19780116,1978-01-16,True,休日,国民の祝日
19780211,1978-02-11,True,建国記念の日,国民の祝日
19780321,1978-03-21,True,春分の日,国民の祝日
19780429,1978-04-29,True,天皇誕生日,国民の祝日
19780503,1978-05-03,True,憲法記念日,国民の祝日
19780505,1978-05-05,True,こどもの日,国民の祝日
19780915,1978-09-15,True,敬老の日,国民の祝日
19780923,1978-09-23,True,秋分の日,国民の祝日
19781010,1978-10-10,True,体育の日,国民の祝日
19781103,1978-11-03,True,文化の日,国民の祝日
19781123,1978-11-23,True,勤労感謝の日,国民の祝日
19790101,1979-01-01,True,元日,国民の祝日
19790115,1979-01-15,True,成人の日,国民の祝日
19790211,1979-02-11,True,建国記念の日,国民の祝日
19790212,1979-02-12,True,休日,国民の祝日
19790321,1979-03-21,True,春分の日,国民の祝日
19790429,1979-04-29,True,天皇誕生日,国民の祝日
19790430,1979-04-30,True,休日,国民の祝日
19790503,1979-05-03,True,憲法記念日,国民の祝日
19790505,1979-05-05,True,こどもの日,国民の祝日
19790915,1979-09-15,True,敬老の日,国民の祝日
19790924,1979-09-24,True,秋分の日,国民の祝日
19791010,1979-10-10,True,体育の日,国民の祝日
19791103,1979-11-03,True,文化の日,国民の祝日
19791123,1979-11-23,True,勤労感謝の日,国民の祝日
19800101,1980-01-01,True,元日,国民の祝日
19800115,1980-01-15,True,成人の日,国民の祝日
19800211,1980-02-11,True,建国記念の日,国民の祝日
19800320,1980-03-20,True,春分の日,国民の祝日
19800429,1980-04-29,True,天皇誕生日,国民の祝日
19800503,1980-05-03,True,憲法記念日,国民の祝日
19800505,1980-05-05,True,こどもの日,国民の祝日
19800915,1980-09-15,True,敬老の日,国民の祝日
19800923,1980-09-23,True,秋分の日,国民の祝日
19801010,1980-10-10,True,体育の日,国民の祝日
19801103,1980-11-03,True,文化の日,国民の祝日
19801123,1980-11-23,True,勤労感謝の日,国民の祝日
19801124,1980-11-24,True,休日,国民の祝日
19810101,1981-01-01,True,元日,国民の祝日
19810115,1981-01-15,True,成人の日,国民の祝日
19810211,1981-02-11,True,建国記念の日,国民の祝日
19810321,1981-03-21,True,春分の日,国民の祝日
19810429,1981-04-29,True,天皇誕生日,国民の祝日
19810503,1981-05-03,True,憲法記念日,国民の祝日
19810504,1981-05-04,True,休日,国民の祝日
19810505,1981-05-05,True,こどもの日,国民の祝日
19810915,1981-09-15,True,敬老の日,国民の祝日
19810923,1981-09-23,True,秋分の日,国民の祝日
19811010,1981-10-10,True,体育の日,国民の祝日
19811103,1981-11-03,True,文化の日,国民の祝日
19811123,1981-11-23,True,勤労感謝の日,国民の祝日
19820101,1982-01-01,True,元日,国民の祝日
19820115,1982-01-15,True,成人の日,国民の祝日
19820211,1982-02-11,True,建国記念の日,国民の祝日
19820321,1982-03-21,True,春分の日,国民の祝日
19820322,1982-03-22,True,休日,国民の祝日
19820429,1982-04-29,True,天皇誕生日,国民の祝日
19820503,1982-05-03,True,憲法記念日,国民の祝日
19820505,1982-05-05,True,こどもの日,国民の祝日
19820915,1982-09-15,True,敬老の日,国民の祝日
19820923,1982-09-23,True,秋分の日,国民の祝日
19821010,1982-10-10,True,体育の日,国民の祝日
19821011,1982-10-11,True,休日,国民の祝日
19821103,1982-11-03,True,文化の日,国民の祝日
19821123,1982-11-23,True,勤労感謝の日,国民の祝日
19830101,1983-01-01,True,元日,国民の祝日
19830115,1983-01-15,True,成人の日,国民の祝日
19830211,1983-02-11,True,建国記念の日,国民の祝日
19830321,1983-03-21,True,春分の日,国民の祝日
19830429,1983-04-29,True,天皇誕生日,国民の祝日
19830503,1983-05-03,True,憲法記念日,国民の祝日
19830505,1983-05-05,True,こどもの日,国民の祝日
19830915,1983-09-15,True,敬老の日,国民の祝日
19830923,1983-09-23,True,秋分の日,国民の祝日
19831010,1983-10-10,True,体育の日,国民の祝日
19831103,1983-11-03,True,文化の日,国民の祝日
19831123,1983-11-23,True,勤労感謝の日,国民の祝日
19840101,1984-01-01,True,元日,国民の祝日
19840102,1984-01-02,True,休日,国民の祝日
19840115,1984-01-15,True,成人の日,国民の祝日
19840116,1984-01-16,True,休日,国民の祝日
19840211,1984-02-11,True,建国記念の日,国民の祝日
19840320,1984-03-20,True,春分の日,国民の祝日
19840429,1984-04-29,True,天皇誕生日,国民の祝日
19840430,1984-04-30,True,休日,国民の祝日
19840503,1984-05-03,True,憲法記念日,国民の祝日
19840505,1984-05-05,True,こどもの日,国民の祝日
19840915,1984-09-15,True,敬老の日,国民の祝日
19840923,1984-09-23,True,秋分の日,国民の祝日
19840924,1984-09-24,True,休日,国民の祝日
19841010,1984-10-10,True,体育の日,国民の祝日
19841103,1984-11-03,True,文化の日,国民の祝日
19841123,1984-11-23,True,勤労感謝の日,国民の祝日
19850101,1985-01-01,True,元日,国民の祝日
19850115,1985-01-15,True,成人の日,国民の祝日
19850211,1985-02-11,True,建国記念の日,国民の祝日
19850321,1985-03-21,True,春分の日,国民の祝日
19850429,1985-04-29,True,天皇誕生日,国民の祝日
19850503,1985-05-03,True,憲法記念日,国民の祝日
19850505,1985-05-05,True,こどもの日,国民の祝日
19850506,1985-05-06,True,休日,国民の祝日
19850915,1985-09-15,True,敬老の日,国民の祝日
19850916,1985-09-16,True,休日,国民の祝日
19850923,1985-09-23,True,秋分の日,国民の祝日
19851010,1985-10-10,True,体育の日,国民の祝日
19851103,1985-11-03,True,文化の日,国民の祝日
19851104,1985-11-04,True,休日,国民の祝日
19851123,1985-11-23,True,勤労感謝の日,国民の祝日
19860101,1986-01-01,True,元日,国民の祝日
19860115,1986-01-15,True,成人の日,国民の祝日
19860211,1986-02-11,True,建国記念の日,国民の祝日
19860321,1986-03-21,True,春分の日,国民の祝日
19860429,1986-04-29,True,天皇誕生日,国民の祝日
19860503,1986-05-03,True,憲法記念日,国民の祝日
19860505,1986-05-05,True,こどもの日,国民の祝日
19860915,1986-09-15,True,敬老の日,国民の祝日
19860923,1986-09-23,True,秋分の日,国民の祝日
19861010,1986-10-10,True,体育の日,国民の祝日
19861103,1986-11-03,True,文化の日,国民の祝日
19861123,1986-11-23,True,勤労感謝の日,国民の祝日
19861124,1986-11-24,True,休日,国民の祝日
19870101,1987-01-01,True,元日,国民の祝日
19870115,1987-01-15,True,成人の日,国民の祝日
19870211,1987-02-11,True,建国記念の日,国民の祝日
19870321,1987-03-21,True,春分の日,国民の祝日
19870429,1987-04-29,True,天皇誕生日,国民の祝日
19870503,1987-05-03,True,憲法記念日,国民の祝日
19870504,1987-05-04,True,休日,国民の祝日
19870505,1987-05-05,True,こどもの日,国民の祝日
19870915,1987-09-15,True,敬老の日,国民の祝日
19870923,1987-09-23,True,秋分の日,国民の祝日
19871010,1987-10-10,True,体育の日,国民の祝日
19871103,1987-11-03,True,文化の日,国民の祝日
19871123,1987-11-23,True,勤労感謝の日,国民の祝日
19880101,1988-01-01,True,元日,国民の祝日
19880115,1988-01-15,True,成人の日,国民の祝日
19880211,1988-02-11,True,建国記念の日,国民の祝日
19880320,1988-03-20,True,春分の日,国民の祝日
19880321,1988-03-21,True,休日,国民の祝日
19880429,1988-04-29,True,天皇誕生日,国民の祝日
19880503,1988-05-03,True,憲法記念日,国民の祝日
19880504,1988-05-04,True,休日,国民の祝日
19880505,1988-05-05,True,こどもの日,国民の祝日
19880915,1988-09-15,True,敬老の日,国民の祝日
19880923,1988-09-23,True,秋分の日,国民の祝日
19881010,1988-10-10,True,体育の日,国民の祝日
19881103,1988-11-03,True,文化の日,国民の祝日
19881123,1988-11-23,True,勤労感謝の日,国民の祝日
19890101,1989-01-01,True,元日,国民の祝日
19890102,1989-01-02,True,休日,国民の祝日
19890115,1989-01-15,True,成人の日,国民の祝日
19890116,1989-01-16,True,休日,国民の祝日
19890211,1989-02-11,True,建国記念の日,国民の祝日
19890224,1989-02-24,True,大喪の礼,国民の祝日
19890321,1989-03-21,True,春分の日,国民の祝日
19890429,1989-04-29,True,みどりの日,国民の祝日
19890503,1989-05-03,True,憲法記念日,国民の祝日
19890504,1989-05-04,True,休日,国民の祝日
19890505,1989-05-05,True,こどもの日,国民の祝日
19890915,1989-09-15,True,敬老の日,国民の祝日
19890923,1989-09-23,True,秋分の日,国民の祝日
19891010,1989-10-10,True,体育の日,国民の祝日
19891103,1989-11-03,True,文化の日,国民の祝日
19891123,1989-11-23,True,勤労感謝の日,国民の祝日
19891223,1989-12-23,True,天皇誕生日,国民の祝日
19900101,1990-01-01,True,元日,国民の祝日
19900115,1990-01-15,True,成人の日,国民の祝日
19900211,1990-02-11,True,建国記念の日,国民の祝日
19900212,1990-02-12,True,休日,国民の祝日
19900321,1990-03-21,True,春分の日,国民の祝日
19900429,1990-04-29,True,みどりの日,国民の祝日
19900430,1990-04-30,True,休日,国民の祝日
19900503,1990-05-03,True,憲法記念日,国民の祝日
19900504,1990-05-04,True,休日,国民の祝日
19900505,1990-05-05,True,こどもの日,国民の祝日
19900915,1990-09-15,True,敬老の日,国民の祝日
19900923,1990-09-23,True,秋分の日,国民の祝日
19900924,1990-09-24,True,休日,国民の祝日
19901010,1990-10-10,True,体育の日,国民の祝日
19901103,1990-11-03,True,文化の日,国民の祝日
19901112,1990-11-12,True,即位礼正殿の儀,国民の祝日
19901123,1990-11-23,True,勤労感謝の日,国民の祝日
19901223,1990-12-23,True,天皇誕生日,国民の祝日
19901224,1990-12-24,True,休日,国民の祝日
19910101,1991-01-01,True,元日,国民の祝日
19910115,1991-01-15,True,成人の日,国民の祝日
19910211,1991-02-11,True,建国記念の日,国民の祝日
19910321,1991-03-21,True,春分の日,国民の祝日
19910429,1991-04-29,True,みどりの日,国民の祝日
19910503,1991-05-03,True,憲法記念日,国民の祝日
19910504,1991-05-04,True,休日,国民の祝日
19910505,1991-05-05,True,こどもの日,国民の祝日
19910506,1991-05-06,True,休日,国民の祝日
19910915,1991-09-15,True,敬老の日,国民の祝日
19910916,1991-09-16,True,休日,国民の祝日
19910923,1991-09-23,True,秋分の日,国民の祝日
19911010,1991-10-10,True,体育の日,国民の祝日
19911103,1991-11-03,True,文化の日,国民の祝日
19911104,1991-11-04,True,休日,国民の祝日
19911123,1991-11-23,True,勤労感謝の日,国民の祝日
19911223,1991-12-23,True,天皇誕生日,国民の祝日
19920101,1992-01-01,True,元日,国民の祝日
19920115,1992-01-15,True,成人の日,国民の祝日
19920211,1992-02-11,True,建国記念の日,国民の祝日
19920320,1992-03-20,True,春分の日,国民の祝日
19920429,1992-04-29,True,みどりの日,国民の祝日
19920503,1992-05-03,True,憲法記念日,国民の祝日
19920504,1992-05-04,True,休日,国民の祝日
19920505,1992-05-05,True,こどもの日,国民の祝日
19920915,1992-09-15,True,敬老の日,国民の祝日
19920923,1992-09-23,True,秋分の日,国民の祝日
19921010,1992-10-10,True,体育の日,国民の祝日
19921103,1992-11-03,True,文化の日,国民の祝日
19921123,1992-11-23,True,勤労感謝の日,国民の祝日
19921223,1992-12-23,True,天皇誕生日,国民の祝日
19930101,1993-01-01,True,元日,国民の祝日
19930115,1993-01-15,True,成人の日,国民の祝日
19930211,1993-02-11,True,建国記念の日,国民の祝日
19930320,1993-03-20,True,春分の日,国民の祝日
19930429,1993-04-29,True,みどりの日,国民の祝日
19930503,1993-05-03,True,憲法記念日,国民の祝日
19930504,1993-05-04,True,休日,国民の祝日
19930505,1993-05-05,True,こどもの日,国民の祝日
19930609,1993-06-09,True,結婚の儀,国民の祝日
19930915,1993-09-15,True,敬老の日,国民の祝日
19930923,1993-09-23,True,秋分の日,国民の祝日
19931010,1993-10-10,True,体育の日,国民の祝日
19931011,1993-10-11,True,休日,国民の祝日
19931103,1993-11-03,True,文化の日,国民の祝日
19931123,1993-11-23,True,勤労感謝の日,国民の祝日
19931223,1993-12-23,True,天皇誕生日,国民の祝日
19940101,1994-01-01,True,元日,国民の祝日
19940115,1994-01-15,True,成人の日,国民の祝日
19940211,1994-02-11,True,建国記念の日,国民の祝日
19940321,1994-03-21,True,春分の日,国民の祝日
19940429,1994-04-29,True,みどりの日,国民の祝日
19940503,1994-05-03,True,憲法記念日,国民の祝日
19940504,1994-05-04,True,休日,国民の祝日
19940505,1994-05-05,True,こどもの日,国民の祝日
19940915,1994-09-15,True,敬老の日,国民の祝日
19940923,1994-09-23,True,秋分の日,国民の祝日
19941010,1994-10-10,True,体育の日,国民の祝日
19941103,1994-11-03,True,文化の日,国民の祝日
19941123,1994-11-23,True,勤労感謝の日,国民の祝日
19941223,1994-12-23,True,天皇誕生日,国民の祝日
19950101,1995-01-01,True,元日,国民の祝日
19950102,1995-01-02,True,休日,国民の祝日
19950115,1995-01-15,True,成人の日,国民の祝日
19950116,1995-01-16,True,休日,国民の祝日
19950211,1995-02-11,True,建国記念の日,国民の祝日
19950321,1995-03-21,True,春分の日,国民の祝日
19950429,1995-04-29,True,みどりの日,国民の祝日
19950503,1995-05-03,True,憲法記念日,国民の祝日
19950504,1995-05-04,True,休日,国民の祝日
19950505,1995-05-05,True,こどもの日,国民の祝日
19950915,1995-09-15,True,敬老の日,国民の祝日
19950923,1995-09-23,True,秋分の日,国民の祝日
19951010,1995-10-10,True,体育の日,国民の祝日
19951103,1995-11-03,True,文化の日,国民の祝日
19951123,1995-11-23,True,勤労感謝の日,国民の祝日
19951223,1995-12-23,True,天皇誕生日,国民の祝日
19960101,1996-01-01,True,元日,国民の祝日
19960115,1996-01-15,True,成人の日,国民の祝日
19960211,1996-02-11,True,建国記念の日,国民の祝日
19960212,1996-02-12,True,休日,国民の祝日
19960320,1996-03-20,True,春分の日,国民の祝日
19960429,1996-04-29,True,みどりの日,国民の祝日
19960503,1996-05-03,True,憲法記念日,国民の祝日
19960504,1996-05-04,True,休日,国民の祝日
19960505,1996-05-05,True,こどもの日,国民の祝日
19960506,1996-05-06,True,休日,国民の祝日
19960720,1996-07-20,True,海の日,国民の祝日
19960915,1996-09-15,True,敬老の日,国民の祝日
19960916,1996-09-16,True,休日,国民の祝日
19960923,1996-09-23,True,秋分の日,国民の祝日
19961010,1996-10-10,True,体育の日,国民の祝日
19961103,1996-11-03,True,文化の日,国民の祝日
19961104,1996-11-04,True,休日,国民の祝日
19961123,1996-11-23,True,勤労感謝の日,国民の祝日
19961223,1996-12-23,True,天皇誕生日,国民の祝日
19970101,1997-01-01,True,元日,国民の祝日
19970115,1997-01-15,True,成人の日,国民の祝日
19970211,1997-02-11,True,建国記念の日,国民の祝日
19970320,1997-03-20,True,春分の日,国民の祝日
19970429,1997-04-29,True,みどりの日,国民の祝日
19970503,1997-05-03,True,憲法記念日,国民の祝日
19970505,1997-05-05,True,こどもの日,国民の祝日
19970720,1997-07-20,True,海の日,国民の祝日
19970721,1997-07-21,True,休日,国民の祝日
19970915,1997-09-15,True,敬老の日,国民の祝日
19970923,1997-09-23,True,秋分の日,国民の祝日
19971010,1997-10-10,True,体育の日,国民の祝日
19971103,1997-11-03,True,文化の日,国民の祝日
19971123,1997-11-23,True,勤労感謝の日,国民の祝日
19971124,1997-11-24,True,休日,国民の祝日
19971223,1997-12-23,True,天皇誕生日,国民の祝日
19980101,1998-01-01,True,元日,国民の祝日
19980115,1998-01-15,True,成人の日,国民の祝日
19980211,1998-02-11,True,建国記念の日,国民の祝日
19980321,1998-03-21,True,春分の日,国民の祝日
19980429,1998-04-29,True,みどりの日,国民の祝日
19980503,1998-05-03,True,憲法記念日,国民の祝日
19980504,1998-05-04,True,休日,国民の祝日
19980505,1998-05-05,True,こどもの日,国民の祝日
19980720,1998-07-20,True,海の日,国民の祝日
19980915,1998-09-15,True,敬老の日,国民の祝日
19980923,1998-09-23,True,秋分の日,国民の祝日
19981010,1998-10-10,True,体育の日,国民の祝日
19981103,1998-11-03,True,文化の日,国民の祝日
19981123,1998-11-23,True,勤労感謝の日,国民の祝日
19981223,1998-12-23,True,天皇誕生日,国民の祝日
19990101,1999-01-01,True,元日,国民の祝日
19990115,1999-01-15,True,成人の日,国民の祝日
19990211,1999-02-11,True,建国記念の日,国民の祝日
19990321,1999-03-21,True,春分の日,国民の祝日
19990322,1999-03-22,True,休日,国民の祝日
19990429,1999-04-29,True,みどりの日,国民の祝日
19990503,1999-05-03,True,憲法記念日,国民の祝日
19990504,1999-05-04,True,休日,国民の祝日
19990505,1999-05-05,True,こどもの日,国民の祝日
19990720,1999-07-20,True,海の日,国民の祝日
19990915,1999-09-15,True,敬老の日,国民の祝日
19990923,1999-09-23,True,秋分の日,国民の祝日
19991010,1999-10-10,True,体育の日,国民の祝日
19991011,1999-10-11,True,休日,国民の祝日
19991103,1999-11-03,True,文化の日,国民の祝日
19991123,1999-11-23,True,勤労感謝の日,国民の祝日
19991223,1999-12-23,True,天皇誕生日,国民の祝日
20000101,2000-01-01,True,元日,国民の祝日
20000110,2000-01-10,True,成人の日,国民の祝日
20000211,2000-02-11,True,建国記念の日,国民の祝日
20000320,2000-03-20,True,春分の日,国民の祝日
20000429,2000-04-29,True,みどりの日,国民の祝日
20000503,2000-05-03,True,憲法記念日,国民の祝日
20000504,2000-05-04,True,休日,国民の祝日
20000505,2000-05-05,True,こどもの日,国民の祝日
20000720,2000-07-20,True,海の日,国民の祝日
20000915,2000-09-15,True,敬老の日,国民の祝日
20000923,2000-09-23,True,秋分の日,国民の祝日
20001009,2000-10-09,True,体育の日,国民の祝日
20001103,2000-11-03,True,文化の日,国民の祝日
20001123,2000-11-23,True,勤労感謝の日,国民の祝日
20001223,2000-12-23,True,天皇誕生日,国民の祝日
20010101,2001-01-01,True,元日,国民の祝日
20010108,2001-01-08,True,成人の日,国民の祝日
20010211,2001-02-11,True,建国記念の日,国民の祝日
20010212,2001-02-12,True,休日,国民の祝日
20010320,2001-03-20,True,春分の日,国民の祝日
20010429,2001-04-29,True,みどりの日,国民の祝日
20010430,2001-04-30,True,休日,国民の祝日
20010503,2001-05-03,True,憲法記念日,国民の祝日
20010504,2001-05-04,True,休日,国民の祝日
20010505,2001-05-05,True,こどもの日,国民の祝日
20010720,2001-07-20,True,海の日,国民の祝日
20010915,2001-09-15,True,敬老の日,国民の祝日
20010923,2001-09-23,True,秋分の日,国民の祝日
20010924,2001-09-24,True,休日,国民の祝日
20011008,2001-10-08,True,体育の日,国民の祝日
20011103,2001-11-03,True,文化の日,国民の祝日
20011123,2001-11-23,True,勤労感謝の日,国民の祝日
20011223,2001-12-23,True,天皇誕生日,国民の祝日
20011224,2001-12-24,True,休日,国民の祝日
20020101,2002-01-01,True,元日,国民の祝日
20020114,2002-01-14,True,成人の日,国民の祝日
20020211,2002-02-11,True,建国記念の日,国民の祝日
20020321,2002-03-21,True,春分の日,国民の祝日
20020429,2002-04-29,True,みどりの日,国民の祝日
20020503,2002-05-03,True,憲法記念日,国民の祝日
20020504,2002-05-04,True,休日,国民の祝日
20020505,2002-05-05,True,こどもの日,国民の祝日
20020506,2002-05-06,True,休日,国民の祝日
20020720,2002-07-20,True,海の日,国民の祝日
20020915,2002-09-15,True,敬老の日,国民の祝日
20020916,2002-09-16,True,休日,国民の祝日
20020923,2002-09-23,True,秋分の日,国民の祝日
20021014,2002-10-14,True,体育の日,国民の祝日
20021103,2002-11-03,True,文化の日,国民の祝日
20021104,2002-11-04,True,休日,国民の祝日
20021123,2002-11-23,True,勤労感謝の日,国民の祝日
20021223,2002-12-23,True,天皇誕生日,国民の祝日
20030101,2003-01-01,True,元日,国民の祝日
20030113,2003-01-13,True,成人の日,国民の祝日
20030211,2003-02-11,True,建国記念の日,国民の祝日
20030321,2003-03-21,True,春分の日,国民の祝日
20030429,2003-04-29,True,みどりの日,国民の祝日
20030503,2003-05-03,True,憲法記念日,国民の祝日
20030505,2003-05-05,True,こどもの日,国民の祝日
20030721,2003-07-21,True,海の日,国民の祝日
20030915,2003-09-15,True,敬老の日,国民の祝日
20030923,2003-09-23,True,秋分の日,国民の祝日
20031013,2003-10-13,True,体育の日,国民の祝日
20031103,2003-11-03,True,文化の日,国民の祝日
20031123,2003-11-23,True,勤労感謝の日,国民の祝日
20031124,2003-11-24,True,休日,国民の祝日
20031223,2003-12-23,True,天皇誕生日,国民の祝日
20040101,2004-01-01,True,元日,国民の祝日
20040112,2004-01-12,True,成人の日,国民の祝日
20040211,2004-02-11,True,建国記念の日,国民の祝日
20040320,2004-03-20,True,春分の日,国民の祝日
20040429,2004-04-29,True,みどりの日,国民の祝日
20040503,2004-05-03,True,憲法記念日,国民の祝日
20040504,2004-05-04,True,休日,国民の祝日
20040505,2004-05-05,True,こどもの日,国民の祝日
20040719,2004-07-19,True,海の日,国民の祝日
20040920,2004-09-20,True,敬老の日,国民の祝日
20040923,2004-09-23,True,秋分の日,国民の祝日
20041011,2004-10-11,True,体育の日,国民の祝日
20041103,2004-11-03,True,文化の日,国民の祝日
20041123,2004-11-23,True,勤労感謝の日,国民の祝日
20041223,2004-12-23,True,天皇誕生日,国民の祝日
20050101,2005-01-01,True,元日,国民の祝日
20050110,2005-01-10,True,成人の日,国民の祝日
20050211,2005-02-11,True,建国記念の日,国民の祝日
20050320,2005-03-20,True,春分の日,国民の祝日
20050321,2005-03-21,True,休日,国民の祝日
20050429,2005-04-29,True,みどりの日,国民の祝日
20050503,2005-05-03,True,憲法記念日,国民の祝日
20050504,2005-05-04,True,休日,国民の祝日
20050505,2005-05-05,True,こどもの日,国民の祝日
20050718,2005-07-18,True,海の日,国民の祝日
20050919,2005-09-19,True,敬老の日,国民の祝日
20050923,2005-09-23,True,秋分の日,国民の祝日
20051010,2005-10-10,True,体育の日,国民の祝日
20051103,2005-11-03,True,文化の日,国民の祝日
20051123,2005-11-23,True,勤労感謝の日,国民の祝日
20051223,2005-12-23,True,天皇誕生日,国民の祝日
20060101,2006-01-01,True,元日,国民の祝日
20060102,2006-01-02,True,休日,国民の祝日
20060109,2006-01-09,True,成人の日,国民の祝日
20060211,2006-02-11,True,建国記念の日,国民の祝日
20060321,2006-03-21,True,春分の日,国民の祝日
20060429,2006-04-29,True,みどりの日,国民の祝日
20060503,2006-05-03,True,憲法記念日,国民の祝日
20060504,2006-05-04,True,休日,国民の祝日
20060505,2006-05-05,True,こどもの日,国民の祝日
20060717,2006-07-17,True,海の日,国民の祝日
20060918,2006-09-18,True,敬老の日,国民の祝日
20060923,2006-09-23,True,秋分の日,国民の祝日
20061009,2006-10-09,True,体育の日,国民の祝日
20061103,2006-11-03,True,文化の日,国民の祝日
20061123,2006-11-23,True,勤労感謝の日,国民の祝日
20061223,2006-12-23,True,天皇誕生日,国民の祝日
20070101,2007-01-01,True,元日,国民の祝日
20070108,2007-01-08,True,成人の日,国民の祝日
20070211,2007-02-11,True,建国記念の日,国民の祝日
20070212,2007-02-12,True,休日,国民の祝日
20070321,2007-03-21,True,春分の日,国民の祝日
20070429,2007-04-29,True,昭和の日,国民の祝日
20070430,2007-04-30,True,休日,国民の祝日
20070503,2007-05-03,True,憲法記念日,国民の祝日
20070504,2007-05-04,True,みどりの日,国民の祝日
20070505,2007-05-05,True,こどもの日,国民の祝日
20070716,2007-07-16,True,海の日,国民の祝日
20070917,2007-09-17,True,敬老の日,国民の祝日
20070923,2007-09-23,True,秋分の日,国民の祝日
20070924,2007-09-24,True,休日,国民の祝日
20071008,2007-10-08,True,体育の日,国民の祝日
20071103,2007-11-03,True,文化の日,国民の祝日
20071123,2007-11-23,True,勤労感謝の日,国民の祝日
20071223,2007-12-23,True,天皇誕生日,国民の祝日
20071224,2007-12-24,True,休日,国民の祝日
20080101,2008-01-01,True,元日,国民の祝日
20080114,2008-01-14,True,成人の日,国民の祝日
20080211,2008-02-11,True,建国記念の日,国民の祝日
20080320,2008-03-20,True,春分の日,国民の祝日
20080429,2008-04-29,True,昭和の日,国民の祝日
20080503,2008-05-03,True,憲法記念日,国民の祝日
20080504,2008-05-04,True,みどりの日,国民の祝日
20080505,2008-05-05,True,こどもの日,国民の祝日
20080506,2008-05-06,True,休日,国民の祝日
20080721,2008-07-21,True,海の日,国民の祝日
20080915,2008-09-15,True,敬老の日,国民の祝日
20080923,2008-09-23,True,秋分の日,国民の祝日
20081013,2008-10-13,True,体育の日,国民の祝日
20081103,2008-11-03,True,文化の日,国民の祝日
20081123,2008-11-23,True,勤労感謝の日,国民の祝日
20081124,2008-11-24,True,休日,国民の祝日
20081223,2008-12-23,True,天皇誕生日,国民の祝日
20090101,2009-01-01,True,元日,国民の祝日
20090112,2009-01-12,True,成人の日,国民の祝日
20090211,2009-02-11,True,建国記念の日,国民の祝日
20090320,2009-03-20,True,春分の日,国民の祝日
20090429,2009-04-29,True,昭和の日,国民の祝日
20090503,2009-05-03,True,憲法記念日,国民の祝日
20090504,2009-05-04,True,みどりの日,国民の祝日
20090505,2009-05-05,True,こどもの日,国民の祝日
20090506,2009-05-06,True,休日,国民の祝日
20090720,2009-07-20,True,海の日,国民の祝日
20090921,2009-09-21,True,敬老の日,国民の祝日
20090922,2009-09-22,True,休日,国民の祝日
20090923,2009-09-23,True,秋分の日,国民の祝日
20091012,2009-10-12,True,体育の日,国民の祝日
20091103,2009-11-03,True,文化の日,国民の祝日
20091123,2009-11-23,True,勤労感謝の日,国民の祝日
20091223,2009-12-23,True,天皇誕生日,国民の祝日
20100101,2010-01-01,True,元日,国民の祝日
20100111,2010-01-11,True,成人の日,国民の祝日
20100211,2010-02-11,True,建国記念の日,国民の祝日
20100321,2010-03-21,True,春分の日,国民の祝日
20100322,2010-03-22,True,休日,国民の祝日
20100429,2010-04-29,True,昭和の日,国民の祝日
20100503,2010-05-03,True,憲法記念日,国民の祝日
20100504,2010-05-04,True,みどりの日,国民の祝日
20100505,2010-05-05,True,こどもの日,国民の祝日
20100719,2010-07-19,True,海の日,国民の祝日
20100920,2010-09-20,True,敬老の日,国民の祝日
20100923,2010-09-23,True,秋分の日,国民の祝日
20101011,2010-10-11,True,体育の日,国民の祝日
20101103,2010-11-03,True,文化の日,国民の祝日
20101123,2010-11-23,True,勤労感謝の日,国民の祝日
20101223,2010-12-23,True,天皇誕生日,国民の祝日
20110101,2011-01-01,True,元日,国民の祝日
20110110,2011-01-10,True,成人の日,国民の祝日
20110211,2011-02-11,True,建国記念の日,国民の祝日
20110321,2011-03-21,True,春分の日,国民の祝日
20110429,2011-04-29,True,昭和の日,国民の祝日
20110503,2011-05-03,True,憲法記念日,国民の祝日
20110504,2011-05-04,True,みどりの日,国民の祝日
20110505,2011-05-05,True,こどもの日,国民の祝日
20110718,2011-07-18,True,海の日,国民の祝日
20110919,2011-09-19,True,敬老の日,国民の祝日
20110923,2011-09-23,True,秋分の日,国民の祝日
20111010,2011-10-10,True,体育の日,国民の祝日
20111103,2011-11-03,True,文化の日,国民の祝日
20111123,2011-11-23,True,勤労感謝の日,国民の祝日
20111223,2011-12-23,True,天皇誕生日,国民の祝日
20120101,2012-01-01,True,元日,国民の祝日
20120102,2012-01-02,True,休日,国民の祝日
20120109,2012-01-09,True,成人の日,国民の祝日
20120211,2012-02-11,True,建国記念の日,国民の祝日
20120320,2012-03-20,True,春分の日,国民の祝日
20120429,2012-04-29,True,昭和の日,国民の祝日
20120430,2012-04-30,True,休日,国民の祝日
20120503,2012-05-03,True,憲法記念日,国民の祝日
20120504,2012-05-04,True,みどりの日,国民の祝日
20120505,2012-05-05,True,こどもの日,国民の祝日
20120716,2012-07-16,True,海の日,国民の祝日
20120917,2012-09-17,True,敬老の日,国民の祝日
20120922,2012-09-22,True,秋分の日,国民の祝日
20121008,2012-10-08,True,体育の日,国民の祝日
20121103,2012-11-03,True,文化の日,国民の祝日
20121123,2012-11-23,True,勤労感謝の日,国民の祝日
20121223,2012-12-23,True,天皇誕生日,国民の祝日
20121224,2012-12-24,True,休日,国民の祝日
20130101,2013-01-01,True,元日,国民の祝日
20130114,2013-01-14,True,成人の日,国民の祝日
20130211,2013-02-11,True,建国記念の日,国民の祝日
20130320,2013-03-20,True,春分の日,国民の祝日
20130429,2013-04-29,True,昭和の日,国民の祝日
20130503,2013-05-03,True,憲法記念日,国民の祝日
20130504,2013-05-04,True,みどりの日,国民の祝日
20130505,2013-05-05,True,こどもの日,国民の祝日
20130506,2013-05-06,True,休日,国民の祝日
20130715,2013-07-15,True,海の日,国民の祝日
20130916,2013-09-16,True,敬老の日,国民の祝日
20130923,2013-09-23,True,秋分の日,国民の祝日
20131014,2013-10-14,True,体育の日,国民の祝日
20131103,2013-11-03,True,文化の日,国民の祝日
20131104,2013-11-04,True,休日,国民の祝日
20131123,2013-11-23,True,勤労感謝の日,国民の祝日
20131223,2013-12-23,True,天皇誕生日,国民の祝日
20140101,2014-01-01,True,元日,国民の祝日
20140113,2014-01-13,True,成人の日,国民の祝日
20140211,2014-02-11,True,建国記念の日,国民の祝日
20140321,2014-03-21,True,春分の日,国民の祝日
20140429,2014-04-29,True,昭和の日,国民の祝日
20140503,2014-05-03,True,憲法記念日,国民の祝日
20140504,2014-05-04,True,みどりの日,国民の祝日
20140505,2014-05-05,True,こどもの日,国民の祝日
20140506,2014-05-06,True,休日,国民の祝日
20140721,2014-07-21,True,海の日,国民の祝日
20140915,2014-09-15,True,敬老の日,国民の祝日
20140923,2014-09-23,True,秋分の日,国民の祝日
20141013,2014-10-13,True,体育の日,国民の祝日
20141103,2014-11-03,True,文化の日,国民の祝日
20141123,2014-11-23,True,勤労感謝の日,国民の祝日
20141124,2014-11-24,True,休日,国民の祝日
20141223,2014-12-23,True,天皇誕生日,国民の祝日
20150101,2015-01-01,True,元日,国民の祝日
20150112,2015-01-12,True,成人の日,国民の祝日
20150211,2015-02-11,True,建国記念の日,国民の祝日
20150321,2015-03-21,True,春分の日,国民の祝日
20150429,2015-04-29,True,昭和の日,国民の祝日
20150503,2015-05-03,True,憲法記念日,国民の祝日
20150504,2015-05-04,True,みどりの日,国民の祝日
20150505,2015-05-05,True,こどもの日,国民の祝日
20150506,2015-05-06,True,休日,国民の祝日
20150720,2015-07-20,True,海の日,国民の祝日
20150921,2015-09-21,True,敬老の日,国民の祝日
20150922,2015-09-22,True,休日,国民の祝日
20150923,2015-09-23,True,秋分の日,国民の祝日
20151012,2015-10-12,True,体育の日,国民の祝日
20151103,2015-11-03,True,文化の日,国民の祝日
20151123,2015-11-23,True,勤労感謝の日,国民の祝日
20151223,2015-12-23,True,天皇誕生日,国民の祝日
20160101,2016-01-01,True,元日,国民の祝日
20160111,2016-01-11,True,成人の日,国民の祝日
20160211,2016-02-11,True,建国記念の日,国民の祝日
20160320,2016-03-20,True,春分の日,国民の祝日
20160321,2016-03-21,True,休日,国民の祝日
20160429,2016-04-29,True,昭和の日,国民の祝日
20160503,2016-05-03,True,憲法記念日,国民の祝日
20160504,2016-05-04,True,みどりの日,国民の祝日
20160505,2016-05-05,True,こどもの日,国民の祝日
20160718,2016-07-18,True,海の日,国民の祝日
20160811,2016-08-11,True,山の日,国民の祝日
20160919,2016-09-19,True,敬老の日,国民の祝日
20160922,2016-09-22,True,秋分の日,国民の祝日
20161010,2016-10-10,True,体育の日,国民の祝日
20161103,2016-11-03,True,文化の日,国民の祝日
20161123,2016-11-23,True,勤労感謝の日,国民の祝日
20161223,2016-12-23,True,天皇誕生日,国民の祝日
20170101,2017-01-01,True,元日,国民の祝日
20170102,2017-01-02,True,休日,国民の祝日
20170109,2017-01-09,True,成人の日,国民の祝日
20170211,2017-02-11,True,建国記念の日,国民の祝日
20170320,2017-03-20,True,春分の日,国民の祝日
20170429,2017-04-29,True,昭和の日,国民の祝日
20170503,2017-05-03,True,憲法記念日,国民の祝日
20170504,2017-05-04,True,みどりの日,国民の祝日
20170505,2017-05-05,True,こどもの日,国民の祝日
20170717,2017-07-17,True,海の日,国民の祝日
20170811,2017-08-11,True,山の日,国民の祝日
20170918,2017-09-18,True,敬老の日,国民の祝日
20170923,2017-09-23,True,秋分の日,国民の祝日
20171009,2017-10-09,True,体育の日,国民の祝日
20171103,2017-11-03,True,文化の日,国民の祝日
20171123,2017-11-23,True,勤労感謝の日,国民の祝日
20171223,2017-12-23,True,天皇誕生日,国民の祝日
20180101,2018-01-01,True,元日,国民の祝日
20180108,2018-01-08,True,成人の日,国民の祝日
20180211,2018-02-11,True,建国記念の日,国民の祝日
20180212,2018-02-12,True,休日,国民の祝日
20180321,2018-03-21,True,春分の日,国民の祝日
20180429,2018-04-29,True,昭和の日,国民の祝日
20180430,2018-04-30,True,休日,国民の祝日
20180503,2018-05-03,True,憲法記念日,国民の祝日
20180504,2018-05-04,True,みどりの日,国民の祝日
20180505,2018-05-05,True,こどもの日,国民の祝日
20180716,2018-07-16,True,海の日,国民の祝日
20180811,2018-08-11,True,山の日,国民の祝日
20180917,2018-09-17,True,敬老の日,国民の祝日
20180923,2018-09-23,True,秋分の日,国民の祝日
20180924,2018-09-24,True,休日,国民の祝日
20181008,2018-10-08,True,体育の日,国民の祝日
20181103,2018-11-03,True,文化の日,国民の祝日
20181123,2018-11-23,True,勤労感謝の日,国民の祝日
20181223,2018-12-23,True,天皇誕生日,国民の祝日
20181224,2018-12-24,True,休日,国民の祝日
20190101,2019-01-01,True,元日,国民の祝日
20190114,2019-01-14,True,成人の日,国民の祝日
20190211,2019-02-11,True,建国記念の日,国民の祝日
20190321,2019-03-21,True,春分の日,国民の祝日
20190429,2019-04-29,True,昭和の日,国民の祝日
20190430,2019-04-30,True,休日,国民の祝日
20190501,2019-05-01,True,休日（祝日扱い）,国民の祝日
20190502,2019-05-02,True,休日,国民の祝日
20190503,2019-05-03,True,憲法記念日,国民の祝日
20190504,2019-05-04,True,みどりの日,国民の祝日
20190505,2019-05-05,True,こどもの日,国民の祝日
20190506,2019-05-06,True,休日,国民の祝日
20190715,2019-07-15,True,海の日,国民の祝日
20190811,2019-08-11,True,山の日,国民の祝日
20190812,2019-08-12,True,休日,国民の祝日
20190916,2019-09-16,True,敬老の日,国民の祝日
20190923,2019-09-23,True,秋分の日,国民の祝日
20191014,2019-10-14,True,体育の日（スポーツの日）,国民の祝日
20191022,2019-10-22,True,休日（祝日扱い）,国民の祝日
20191103,2019-11-03,True,文化の日,国民の祝日
20191104,2019-11-04,True,休日,国民の祝日
20191123,2019-11-23,True,勤労感謝の日,国民の祝日
20200101,2020-01-01,True,元日,国民の祝日
20200113,2020-01-13,True,成人の日,国民の祝日
20200211,2020-02-11,True,建国記念の日,国民の祝日
20200223,2020-02-23,True,天皇誕生日,国民の祝日
20200224,2020-02-24,True,休日,国民の祝日
20200320,2020-03-20,True,春分の日,国民の祝日
20200429,2020-04-29,True,昭和の日,国民の祝日
20200503,2020-05-03,True,憲法記念日,国民の祝日
20200504,2020-05-04,True,みどりの日,国民の祝日
20200505,2020-05-05,True,こどもの日,国民の祝日
20200506,2020-05-06,True,休日,国民の祝日
20200723,2020-07-23,True,海の日,国民の祝日
20200724,2020-07-24,True,スポーツの日,国民の祝日
20200810,2020-08-10,True,山の日,国民の祝日
20200921,2020-09-21,True,敬老の日,国民の祝日
20200922,2020-09-22,True,秋分の日,国民の祝日
20201103,2020-11-03,True,文化の日,国民の祝日
20201123,2020-11-23,True,勤労感謝の日,国民の祝日
20210101,2021-01-01,True,元日,国民の祝日
20210111,2021-01-11,True,成人の日,国民の祝日
20210211,2021-02-11,True,建国記念の日,国民の祝日
20210223,2021-02-23,True,天皇誕生日,国民の祝日
20210320,2021-03-20,True,春分の日,国民の祝日
20210429,2021-04-29,True,昭和の日,国民の祝日
20210503,2021-05-03,True,憲法記念日,国民の祝日
20210504,2021-05-04,True,みどりの日,国民の祝日
20210505,2021-05-05,True,こどもの日,国民の祝日
20210722,2021-07-22,True,海の日,国民の祝日
20210723,2021-07-23,True,スポーツの日,国民の祝日
20210808,2021-08-08,True,山の日,国民の祝日
20210809,2021-08-09,True,休日,国民の祝日
20210920,2021-09-20,True,敬老の日,国民の祝日
20210923,2021-09-23,True,秋分の日,国民の祝日
20211103,2021-11-03,True,文化の日,国民の祝日
20211123,2021-11-23,True,勤労感謝の日,国民の祝日
20220101,2022-01-01,True,元日,国民の祝日
20220110,2022-01-10,True,成人の日,国民の祝日
20220211,2022-02-11,True,建国記念の日,国民の祝日
20220223,2022-02-23,True,天皇誕生日,国民の祝日
20220321,2022-03-21,True,春分の日,国民の祝日
20220429,2022-04-29,True,昭和の日,国民の祝日
20220503,2022-05-03,True,憲法記念日,国民の祝日
20220504,2022-05-04,True,みどりの日,国民の祝日
20220505,2022-05-05,True,こどもの日,国民の祝日
20220718,2022-07-18,True,海の日,国民の祝日
20220811,2022-08-11,True,山の日,国民の祝日
20220919,2022-09-19,True,敬老の日,国民の祝日
20220923,2022-09-23,True,秋分の日,国民の祝日
20221010,2022-10-10,True,スポーツの日,国民の祝日
20221103,2022-11-03,True,文化の日,国民の祝日
20221123,2022-11-23,True,勤労感謝の日,国民の祝日
20230101,2023-01-01,True,元日,国民の祝日
20230102,2023-01-02,True,休日,国民の祝日
20230109,2023-01-09,True,成人の日,国民の祝日
20230211,2023-02-11,True,建国記念の日,国民の祝日
20230223,2023-02-23,True,天皇誕生日,国民の祝日
20230321,2023-03-21,True,春分の日,国民の祝日
20230429,2023-04-29,True,昭和の日,国民の祝日
20230503,2023-05-03,True,憲法記念日,国民の祝日
20230504,2023-05-04,True,みどりの日,国民の祝日
20230505,2023-05-05,True,こどもの日,国民の祝日
20230717,2023-07-17,True,海の日,国民の祝日
20230811,2023-08-11,True,山の日,国民の祝日
20230918,2023-09-18,True,敬老の日,国民の祝日
20230923,2023-09-23,True,秋分の日,国民の祝日
20231009,2023-10-09,True,スポーツの日,国民の祝日
20231103,2023-11-03,True,文化の日,国民の祝日
20231123,2023-11-23,True,勤労感謝の日,国民の祝日
20240101,2024-01-01,True,元日,国民の祝日
20240108,2024-01-08,True,成人の日,国民の祝日
20240211,2024-02-11,True,建国記念の日,国民の祝日
20240212,2024-02-12,True,休日,国民の祝日
20240223,2024-02-23,True,天皇誕生日,国民の祝日
20240320,2024-03-20,True,春分の日,国民の祝日
20240429,2024-04-29,True,昭和の日,国民の祝日
20240503,2024-05-03,True,憲法記念日,国民の祝日
20240504,2024-05-04,True,みどりの日,国民の祝日
20240505,2024-05-05,True,こどもの日,国民の祝日
20240506,2024-05-06,True,休日,国民の祝日
20240715,2024-07-15,True,海の日,国民の祝日
20240811,2024-08-11,True,山の日,国民の祝日
20240812,2024-08-12,True,休日,国民の祝日
20240916,2024-09-16,True,敬老の日,国民の祝日
20240922,2024-09-22,True,秋分の日,国民の祝日
20240923,2024-09-23,True,休日,国民の祝日
20241014,2024-10-14,True,スポーツの日,国民の祝日
20241103,2024-11-03,True,文化の日,国民の祝日
20241104,2024-11-04,True,休日,国民の祝日
20241123,2024-11-23,True,勤労感謝の日,国民の祝日
20250101,2025-01-01,True,元日,国民の祝日
20250113,2025-01-13,True,成人の日,国民の祝日
20250211,2025-02-11,True,建国記念の日,国民の祝日
20250223,2025-02-23,True,天皇誕生日,国民の祝日
20250224,2025-02-24,True,休日,国民の祝日
20250320,2025-03-20,True,春分の日,国民の祝日
20250429,2025-04-29,True,昭和の日,国民の祝日
20250503,2025-05-03,True,憲法記念日,国民の祝日
20250504,2025-05-04,True,みどりの日,国民の祝日
20250505,2025-05-05,True,こどもの日,国民の祝日
20250506,2025-05-06,True,休日,国民の祝日
20250721,2025-07-21,True,海の日,国民の祝日
20250811,2025-08-11,True,山の日,国民の祝日
20250915,2025-09-15,True,敬老の日,国民の祝日
20250923,2025-09-23,True,秋分の日,国民の祝日
20251013,2025-10-13,True,スポーツの日,国民の祝日
20251103,2025-11-03,True,文化の日,国民の祝日
20251123,2025-11-23,True,勤労感謝の日,国民の祝日
20251124,2025-11-24,True,休日,国民の祝日
20260101,2026-01-01,True,元日,国民の祝日
20260112,2026-01-12,True,成人の日,国民の祝日
20260211,2026-02-11,True,建国記念の日,国民の祝日
20260223,2026-02-23,True,天皇誕生日,国民の祝日
20260320,2026-03-20,True,春分の日,国民の祝日
20260429,2026-04-29,True,昭和の日,国民の祝日
20260503,2026-05-03,True,憲法記念日,国民の祝日
20260504,2026-05-04,True,みどりの日,国民の祝日
20260505,2026-05-05,True,こどもの日,国民の祝日
20260506,2026-05-06,True,休日,国民の祝日
20260720,2026-07-20,True,海の日,国民の祝日
20260811,2026-08-11,True,山の日,国民の祝日
20260921,2026-09-21,True,敬老の日,国民の祝日
20260922,2026-09-22,True,休日,国民の祝日
20260923,2026-09-23,True,秋分の日,国民の祝日
20261012,2026-10-12,True,スポーツの日,国民の祝日
20261103,2026-11-03,True,文化の日,国民の祝日
20261123,2026-11-23,True,勤労感謝の日,国民の祝日
